{
    "timeline": [
      { "year": "1293", "desc": "Berdirinya Kerajaan Majapahit di wilayah Trowulan, yang menjadi awal kejayaan Mojokerto." },
      { "year": "1350", "desc": "Puncak kejayaan Majapahit di bawah Hayam Wuruk dan Gajah Mada, pusat pemerintahan di Mojokerto." },
      { "year": "1800-an", "desc": "Masa kolonial Belanda, banyak situs Majapahit mulai diteliti oleh arkeolog Barat." },
      { "year": "1945", "desc": "Mojokerto resmi menjadi bagian dari Republik Indonesia setelah proklamasi kemerdekaan." },
      { "year": "Sekarang", "desc": "Mojokerto menjadi pusat sejarah dan wisata budaya Jawa Timur dengan berbagai peninggalan Majapahit." }
    ]
  }